{
  "counts": {
    "both_wrong": 7,
    "gru_wrong_mlp_ok": 12,
    "mlp_wrong_gru_ok": 57
  },
  "examples": [
    {
      "sel_index": 1,
      "sample_index": 42,
      "true": 0,
      "prob_mlp": 0.9996652603149414,
      "prob_gru": 0.6400012969970703,
      "pred_mlp": 1,
      "pred_gru": 1,
      "total_disp": 248.95603428097272,
      "area_trend": 25728.722500000033,
      "mean_iou": 0.7618190207823616,
      "image": "example_pngs/failure_example_sel1_s42.png"
    },
    {
      "sel_index": 34,
      "sample_index": 110,
      "true": 0,
      "prob_mlp": 0.24289923906326294,
      "prob_gru": 0.6212055087089539,
      "pred_mlp": 0,
      "pred_gru": 1,
      "total_disp": 32.03370325708069,
      "area_trend": 405.8024000000173,
      "mean_iou": 0.8858941319704201,
      "image": "example_pngs/failure_example_sel34_s110.png"
    },
    {
      "sel_index": 3,
      "sample_index": 193,
      "true": 0,
      "prob_mlp": 0.8385019898414612,
      "prob_gru": 0.1448526233434677,
      "pred_mlp": 1,
      "pred_gru": 0,
      "total_disp": 168.54626860164726,
      "area_trend": 1553.8795000000132,
      "mean_iou": 0.49463296627003667,
      "image": "example_pngs/failure_example_sel3_s193.png"
    }
  ]
}