{
  "N_val": 22893,
  "mlp": {
    "accuracy": 0.7406194033110558,
    "auc": 0.7330798518306496,
    "confusion_matrix": [
      [
        16544,
        5722
      ],
      [
        216,
        411
      ]
    ],
    "classification_report": {
      "0.0": {
        "precision": 0.9871121718377088,
        "recall": 0.7430162579717956,
        "f1-score": 0.8478450263926613,
        "support": 22266.0
      },
      "1.0": {
        "precision": 0.06701451165824229,
        "recall": 0.6555023923444976,
        "f1-score": 0.12159763313609467,
        "support": 627.0
      },
      "accuracy": 0.7406194033110558,
      "macro avg": {
        "precision": 0.5270633417479755,
        "recall": 0.6992593251581466,
        "f1-score": 0.484721329764378,
        "support": 22893.0
      },
      "weighted avg": {
        "precision": 0.9619122752347067,
        "recall": 0.7406194033110558,
        "f1-score": 0.8279543560754523,
        "support": 22893.0
      }
    }
  },
  "gru": {
    "accuracy": 0.641244048399074,
    "auc": 0.8218317928035836,
    "confusion_matrix": [
      [
        14113,
        8153
      ],
      [
        60,
        567
      ]
    ],
    "classification_report": {
      "0.0": {
        "precision": 0.9957665984618641,
        "recall": 0.6338363424054613,
        "f1-score": 0.7746096215593183,
        "support": 22266.0
      },
      "1.0": {
        "precision": 0.06502293577981651,
        "recall": 0.9043062200956937,
        "f1-score": 0.12132234941692521,
        "support": 627.0
      },
      "accuracy": 0.641244048399074,
      "macro avg": {
        "precision": 0.5303947671208403,
        "recall": 0.7690712812505776,
        "f1-score": 0.4479659854881218,
        "support": 22893.0
      },
      "weighted avg": {
        "precision": 0.9702751261121657,
        "recall": 0.641244048399074,
        "f1-score": 0.7567172038057134,
        "support": 22893.0
      }
    }
  },
  "n_disagreements": 6735
}