{
  "sampled_count": 353,
  "acc_mlp": 0.8186968838526912,
  "acc_gru": 0.9461756373937678,
  "auc_mlp": 0.7702169625246548,
  "auc_gru": 0.9919132149901381,
  "confusion_mlp": [
    [
      279,
      59
    ],
    [
      5,
      10
    ]
  ],
  "confusion_gru": [
    [
      319,
      19
    ],
    [
      0,
      15
    ]
  ],
  "precision_recall_fscore_mlp": {
    "precision": [
      0.9823943661971831,
      0.14492753623188406
    ],
    "recall": [
      0.8254437869822485,
      0.6666666666666666
    ],
    "f1": [
      0.8971061093247589,
      0.23809523809523808
    ],
    "support": [
      338,
      15
    ]
  },
  "precision_recall_fscore_gru": {
    "precision": [
      1.0,
      0.4411764705882353
    ],
    "recall": [
      0.9437869822485208,
      1.0
    ],
    "f1": [
      0.9710806697108066,
      0.6122448979591837
    ],
    "support": [
      338,
      15
    ]
  },
  "delta_stats": {
    "mean": -0.09200929894422501,
    "median": -0.044777482748031616,
    "abs_mean": 0.16712540526595573,
    "pos_frac": 0.39943342776203966
  }
}