{
  "N_eval": 5000,
  "mlp": {
    "accuracy": 0.7376,
    "auc": 0.7036420036764706,
    "confusion_matrix": [
      [
        3603,
        1261
      ],
      [
        51,
        85
      ]
    ]
  },
  "gru": {
    "accuracy": 0.6318,
    "auc": 0.8172558291408668,
    "confusion_matrix": [
      [
        3038,
        1826
      ],
      [
        15,
        121
      ]
    ]
  },
  "n_disagreements": 1493
}